{"cameraMode":{"drawMode":0,"name":"Shaded","section":"Shading Mode"},"sceneLighting":true,"audioPlay":false,"sceneViewState":{"showFog":true,"showMaterialUpdate":false,"showSkybox":true,"showFlares":true,"showImageEffects":true,"showParticleSystems":true},"in2DMode":false,"pivot":{"x":-799.3062133789063,"y":-239.39334106445313,"z":863.772216796875},"rotation":{"x":0.12888525426387788,"y":-0.3516945242881775,"z":0.0489552840590477,"w":0.9259088635444641},"size":1642.398193359375,"orthographic":false}