{"cameraMode":{"drawMode":0,"name":"Shaded","section":"Shading Mode"},"sceneLighting":true,"audioPlay":false,"sceneViewState":{"showFog":true,"showMaterialUpdate":false,"showSkybox":true,"showFlares":true,"showImageEffects":true,"showParticleSystems":true},"in2DMode":false,"pivot":{"x":-65.94354248046875,"y":228.79022216796876,"z":-288.22064208984377},"rotation":{"x":0.0028806296177208425,"y":-0.9636384844779968,"z":0.2670164108276367,"w":0.010400531813502312},"size":163.26318359375,"orthographic":false}