{"cameraMode":{"drawMode":0,"name":"Shaded","section":"Shading Mode"},"sceneLighting":true,"audioPlay":false,"sceneViewState":{"showFog":true,"showMaterialUpdate":false,"showSkybox":true,"showFlares":true,"showImageEffects":true,"showParticleSystems":true},"in2DMode":false,"pivot":{"x":-70.33580017089844,"y":226.8758087158203,"z":-286.9764404296875},"rotation":{"x":0.0028806296177208425,"y":-0.9636384844779968,"z":0.2670164108276367,"w":0.010400531813502312},"size":70.82484436035156,"orthographic":false}