{"cameraMode":{"drawMode":0,"name":"Shaded","section":"Shading Mode"},"sceneLighting":true,"audioPlay":false,"sceneViewState":{"showFog":true,"showMaterialUpdate":false,"showSkybox":true,"showFlares":true,"showImageEffects":true,"showParticleSystems":true},"in2DMode":false,"pivot":{"x":39.36617660522461,"y":-7.544524192810059,"z":106.23062133789063},"rotation":{"x":0.06925562769174576,"y":-0.009845213033258915,"z":0.0006837208638899028,"w":0.9975501298904419},"size":121.95820617675781,"orthographic":false}