{"cameraMode":{"drawMode":0,"name":"Shaded","section":"Shading Mode"},"sceneLighting":true,"audioPlay":false,"sceneViewState":{"showFog":true,"showMaterialUpdate":false,"showSkybox":true,"showFlares":true,"showImageEffects":true,"showParticleSystems":true},"in2DMode":false,"pivot":{"x":31.364883422851564,"y":-23.632720947265626,"z":106.18103790283203},"rotation":{"x":0.06963657587766648,"y":0.8605580925941467,"z":-0.12242570519447327,"w":0.4894920885562897},"size":170.66226196289063,"orthographic":false}