{"cameraMode":{"drawMode":0,"name":"Shaded","section":"Shading Mode"},"sceneLighting":true,"audioPlay":false,"sceneViewState":{"showFog":true,"showMaterialUpdate":false,"showSkybox":true,"showFlares":true,"showImageEffects":true,"showParticleSystems":true},"in2DMode":false,"pivot":{"x":-0.30821579694747927,"y":22.468992233276368,"z":8.301494598388672},"rotation":{"x":0.002441409509629011,"y":0.9960521459579468,"z":-0.08386596292257309,"w":0.028994688764214517},"size":9.814879417419434,"orthographic":false}