{"cameraMode":{"drawMode":0,"name":"Shaded","section":"Shading Mode"},"sceneLighting":true,"audioPlay":false,"sceneViewState":{"showFog":true,"showMaterialUpdate":false,"showSkybox":true,"showFlares":true,"showImageEffects":true,"showParticleSystems":true},"in2DMode":false,"pivot":{"x":-8.058216094970704,"y":2.167177677154541,"z":0.8337502479553223},"rotation":{"x":0.000809564080554992,"y":0.9694464802742004,"z":-0.24528080224990846,"w":0.0032004723325371744},"size":2.7879607677459719,"orthographic":false}