{"cameraMode":{"drawMode":0,"name":"Shaded","section":"Shading Mode"},"sceneLighting":true,"audioPlay":false,"sceneViewState":{"showFog":true,"showMaterialUpdate":false,"showSkybox":true,"showFlares":true,"showImageEffects":true,"showParticleSystems":true},"in2DMode":false,"pivot":{"x":-20.39676284790039,"y":44.032371520996097,"z":-17.737918853759767},"rotation":{"x":0.00864468701183796,"y":0.9912833571434021,"z":-0.08677008002996445,"w":0.09876015037298203},"size":48.45005416870117,"orthographic":false}